"524","47","1","dsc_0482.jpg",,NULL,"1380017038"
"523","47","1","dsc_0479.jpg",,NULL,"1380017038"
"522","47","1","dsc_0478.jpg",,NULL,"1380017038"
"97","21","1","dsc00030.jpg",,NULL,"1354704127"
"96","21","1","dsc00048.jpg",,NULL,"1354704127"
"520","47","1","dsc_0475.jpg",,NULL,"1380017000"
"503","46","1","dsc02252.jpg",,NULL,"1380015385"
"504","46","1","dsc02250.jpg",,NULL,"1380015385"
"119","23","1","img_1427.jpg",,NULL,"1355378954"
"118","23","1","img_1426.jpg",,NULL,"1355378954"
"117","23","1","img_1425.jpg",,NULL,"1355378954"
"116","23","1","img_1424.jpg",,NULL,"1355378954"
"521","47","1","dsc_0476.jpg",,NULL,"1380017000"
"519","47","1","dsc_0469.jpg",,NULL,"1380017000"
"517","47","1","dsc_0465.jpg",,NULL,"1380016967"
"518","47","1","dsc_0468.jpg",,NULL,"1380017000"
"69","19","1","01.11.2012__._____3_.jpg","Буй, 1 ноября 2012",,"1353305548"
"68","19","1","01.11.2012__._____2_.jpg","Буй, 1 ноября 2012",,"1353305548"
"516","47","1","dsc_0463.jpg",,NULL,"1380016967"
"515","47","1","dsc_0462.jpg",,NULL,"1380016967"
"77","19","1","01.11.2012__._________5_.jpg","Нерехта, 1 ноября 2012",,"1353305548"
"76","19","1","01.11.2012__._________4_.jpg","1 ноября 2012 года, Нерехта","1 ноября 2012 года, Нерехта","1353305548"
"75","19","1","01.11.2012__._________3_.jpg","Нерехта, 1 ноября 2012",,"1353305548"
"74","19","1","01.11.2012__._________2_.jpg","Нерехта, 1 ноября 2012",,"1353305548"
"73","19","1","01.11.2012__.___.jpg","Буй, 1 ноября 2012",,"1353305548"
"72","19","1","01.11.2012__._____6_.jpg","Буй, 1 ноября 2012",,"1353305548"
"71","19","1","01.11.2012__._____5_.jpg","Буй, 1 ноября 2012",,"1353305548"
"70","19","1","01.11.2012__._____4_.jpg","Буй, 1 ноября 2012",,"1353305548"
"81","19","1","02.11.2012__._____.jpg","Галич, 2 ноября 2012",,"1353305679"
"80","19","1","01.11.2012__._____.jpg","Шарья, 1 ноября 2012",,"1353305679"
"79","19","1","01.11.2012__._______2_.jpg","Шарья, 1 ноября 2012",,"1353305679"
"78","19","1","01.11.2012__._______.jpg","Нерехта, 1 ноября 2012",,"1353305679"
"82","19","1","14.11.2012__.__________2_.jpg","Кострома, 14 ноября 2012",,"1353305878"
"83","19","1","14.11.2012__.__________4_.jpg","Кострома, 14 ноября 2012",,"1353305878"
"84","19","1","14.11.2012__.__________5_.jpg","Кострома, 14 ноября 2012",,"1353305878"
"85","19","1","14.11.2012__.________.jpg","Кострома, 14 ноября 2012",,"1353305878"
"86","20","1","dsc00020.jpg",,NULL,"1354702699"
"87","20","1","dsc00015.jpg",,NULL,"1354702699"
"88","20","1","dsc00017.jpg",,NULL,"1354702699"
"89","20","1","dsc00018.jpg",,NULL,"1354702699"
"90","20","1","dsc00019.jpg",,NULL,"1354702699"
"91","20","1","dsc00021.jpg",,NULL,"1354702699"
"92","20","1","dsc00022.jpg",,NULL,"1354702699"
"93","20","1","dsc00028.jpg",,NULL,"1354702699"
"94","20","1","dsc00025.jpg",,NULL,"1354702699"
"95","20","1","dsc00027.jpg",,NULL,"1354702699"
"98","21","1","dsc00052.jpg",,NULL,"1354704127"
"99","21","1","dsc00053.jpg",,NULL,"1354704127"
"100","21","1","dsc00049.jpg",,NULL,"1354704127"
"101","21","1","dsc00050.jpg",,NULL,"1354704127"
"102","21","1","dsc00035.jpg",,NULL,"1354704127"
"103","21","1","dsc00036.jpg",,NULL,"1354704127"
"104","21","1","dsc00039.jpg",,NULL,"1354704127"
"105","21","1","dsc00042.jpg",,NULL,"1354704127"
"106","22","1","img_1590.jpg",,NULL,"1354705068"
"107","22","1","img_1591.jpg",,NULL,"1354705068"
"108","22","1","img_1592.jpg",,NULL,"1354705068"
"109","22","1","dsc00146.jpg",,NULL,"1354705068"
"110","22","1","img_1725.jpg",,NULL,"1354705068"
"111","22","1","img_1724.jpg",,NULL,"1354705068"
"112","22","1","img_1728.jpg",,NULL,"1354705068"
"113","22","1","img_1727.jpg",,NULL,"1354705068"
"114","22","1","img_1722.jpg",,NULL,"1354705068"
"115","22","1","img_1729.jpg",,NULL,"1354705068"
"120","23","1","img_1428.jpg",,NULL,"1355378954"
"121","23","1","img_1429.jpg",,NULL,"1355378954"
"122","23","1","img_1430.jpg",,NULL,"1355378954"
"123","23","1","img_1431.jpg",,NULL,"1355378954"
"124","23","1","img_1432.jpg",,NULL,"1355378954"
"125","23","1","img_1433.jpg",,NULL,"1355378954"
"126","24","1","____0705.jpg",,NULL,"1355380188"
"127","24","1","____0008.jpg",,NULL,"1355380188"
"128","24","1","____0010.jpg",,NULL,"1355380189"
"129","24","1","____0709.jpg",,NULL,"1355380189"
"166","24","1","____0711.jpg",,NULL,"1355395787"
"131","24","1","________-8_0199.jpg",,NULL,"1355380189"
"132","24","1","___2_7-20__________0197.jpg",,NULL,"1355380189"
"133","24","1","_____0179.jpg",,NULL,"1355380189"
"134","24","1","____0175.jpg",,NULL,"1355380189"
"135","24","1","_______________0185.jpg",,NULL,"1355380189"
"175","27","1","3009.png",,,"1356096583"
"174","27","1","3008.png",,,"1356096583"
"173","27","1","3007.png",,,"1356096583"
"171","27","1","3005.png",,,"1356096583"
"172","27","1","3006.png",,,"1356096583"
"170","27","1","3004.png",,,"1356096583"
"169","27","1","3003.png",,,"1356096583"
"168","27","1","3002.png",,,"1356096583"
"167","27","1","3001.png",,,"1356096583"
"496","46","1","dsc02290.jpg",,NULL,"1380015266"
"495","46","1","dsc02258.jpg",,NULL,"1380015266"
"494","46","1","dsc02291.jpg",,NULL,"1380015266"
"493","46","1","dsc02293.jpg",,NULL,"1380015213"
"492","46","1","dsc02294.jpg",,NULL,"1380015213"
"491","46","1","dsc02299.jpg",,NULL,"1380015213"
"490","45","1","15.jpg",,NULL,"1372233317"
"489","45","1","14.jpg",,NULL,"1372233300"
"488","45","1","12_1.jpg",,NULL,"1372233300"
"487","45","1","11_1.jpg",,NULL,"1372233300"
"502","46","1","dsc02255.jpg",,NULL,"1380015385"
"501","46","1","dsc02260.jpg",,NULL,"1380015333"
"500","46","1","dsc02262.jpg",,NULL,"1380015333"
"499","46","1","dsc02263.jpg",,NULL,"1380015333"
"498","46","1","dsc02264.jpg",,NULL,"1380015333"
"497","46","1","dsc02289.jpg",,NULL,"1380015266"
"176","27","1","3010.png",,,"1356096583"
"514","47","1","dsc_0461.jpg",,NULL,"1380016967"
"513","47","1","dsc_0491.jpg",,NULL,"1380016936"
"512","47","1","dsc_0501.jpg",,NULL,"1380016936"
"511","47","1","dsc_0493.jpg",,NULL,"1380016936"
"510","47","1","dsc_0495.jpg",,NULL,"1380016936"
"509","46","1","dsc02244.jpg",,NULL,"1380015418"
"508","46","1","dsc02243.jpg",,NULL,"1380015418"
"507","46","1","dsc02238.jpg",,NULL,"1380015418"
"506","46","1","1_5.jpg",,NULL,"1380015417"
"505","46","1","dsc02249.jpg",,NULL,"1380015385"
"486","45","1","10.jpg",,NULL,"1372233211"
"485","45","1","9.jpg",,NULL,"1372233211"
"484","45","1","8.jpg",,NULL,"1372233211"
"483","45","1","7.jpg",,NULL,"1372233150"
"482","45","1","6.jpg",,NULL,"1372233150"
"481","45","1","5.jpg",,NULL,"1372233150"
"480","45","1","4.jpg",,NULL,"1372233150"
"479","45","1","3.jpg",,NULL,"1372233116"
"478","45","1","2.jpg",,NULL,"1372233116"
"477","45","1","1.jpg",,NULL,"1372233116"
"197","30","1","1_1.jpg",,NULL,"1358869132"
"198","30","1","2_1.jpg",,NULL,"1358869132"
"199","30","1","3_1.jpg",,NULL,"1358869132"
"200","30","1","4_1.jpg",,NULL,"1358869132"
"201","30","1","5_1.jpg",,NULL,"1358869132"
"202","30","1","6_1.jpg",,NULL,"1358869132"
"203","30","1","7_1.jpg",,NULL,"1358869132"
"204","30","1","8_1.jpg",,NULL,"1358869132"
"205","30","1","9_1.jpg",,NULL,"1358869132"
"206","30","1","10_1.jpg",,NULL,"1358869132"
"207","31","1","img_0003.jpg",,NULL,"1359634150"
"208","31","1","img_0001.jpg",,NULL,"1359634150"
"209","31","1","img_0007.jpg",,NULL,"1359634150"
"210","31","1","img_0008.jpg",,NULL,"1359634150"
"211","31","1","img_0009.jpg",,NULL,"1359634150"
"212","31","1","img_0010.jpg",,NULL,"1359634150"
"213","31","1","img_0011.jpg",,NULL,"1359634150"
"214","31","1","img_0013.jpg",,NULL,"1359634150"
"215","31","1","img_0017.jpg",,NULL,"1359634150"
"216","31","1","img_0019.jpg",,NULL,"1359634150"
"218","32","1","s6003095.jpg",,NULL,"1360569848"
"219","32","1","sam_0103.jpg",,NULL,"1360569848"
"220","32","1","p8250476.jpg",,NULL,"1360569848"
"221","32","1","p8250495.jpg",,NULL,"1360569848"
"222","32","1","p1000155.jpg",,NULL,"1360569848"
"223","32","1","dsc06748.jpg",,NULL,"1360569848"
"224","32","1","sl380628.jpg",,NULL,"1360569848"
"225","32","1","____0396.jpg",,NULL,"1360569848"
"226","32","1","dsc06692.jpg",,NULL,"1360569848"
"227","32","1","dsc06712.jpg",,NULL,"1360569848"
"228","32","1","100_2207_-______.jpg",,NULL,"1360570003"
"229","32","1","p1000293_-______.jpg",,NULL,"1360570003"
"230","32","1","100_0491_-______.jpg",,NULL,"1360570003"
"231","32","1","p1010763__1__-______.jpg",,NULL,"1360570003"
"232","32","1","p1000321_-______.jpg",,NULL,"1360570003"
"233","32","1","p1000322_-______.jpg",,NULL,"1360570003"
"234","32","1","p1010767_-______.jpg",,NULL,"1360570003"
"235","32","1","p1010768__1__-______.jpg",,NULL,"1360570003"
"236","32","1","p8250484_-______.jpg",,NULL,"1360570003"
"237","32","1","p8250504_-______.jpg",,NULL,"1360570003"
"238","32","1","dsc06710.jpg",,NULL,"1360570144"
"239","32","1","p4230583.jpg",,NULL,"1360570180"
"240","32","1","p4230585.jpg",,NULL,"1360570180"
"241","32","1","p4230595.jpg",,NULL,"1360570180"
"242","32","1","p4230598.jpg",,NULL,"1360570180"
"243","32","1","sam_0130.jpg",,NULL,"1360570180"
"244","33","1","dsc00650.jpg",,NULL,"1360570795"
"245","33","1","dsc00640.jpg",,NULL,"1360570795"
"246","33","1","dsc00645.jpg",,NULL,"1360570795"
"247","33","1","dsc00655.jpg",,NULL,"1360570795"
"248","33","1","dsc00657.jpg",,NULL,"1360570795"
"249","33","1","dsc00656.jpg",,NULL,"1360570795"
"250","33","1","dsc00641.jpg",,NULL,"1360570795"
"251","33","1","dsc00658.jpg",,NULL,"1360570795"
"252","33","1","dsc00660.jpg",,NULL,"1360570795"
"253","33","1","dsc00664.jpg",,NULL,"1360570795"
"254","34","1","1_2.jpg",,NULL,"1362065461"
"255","34","1","2_2.jpg",,NULL,"1362065461"
"256","34","1","3_2.jpg",,NULL,"1362065461"
"257","34","1","4_2.jpg",,NULL,"1362065461"
"258","34","1","5_2.jpg",,NULL,"1362065461"
"259","34","1","6_2.jpg",,NULL,"1362065461"
"260","34","1","7_2.jpg",,NULL,"1362065461"
"261","34","1","8_2.jpg",,NULL,"1362065461"
"262","35","1","1_3.jpg",,NULL,"1362065815"
"263","35","1","2_3.jpg",,NULL,"1362065815"
"264","35","1","3_3.jpg",,NULL,"1362065815"
"265","35","1","4_3.jpg",,NULL,"1362065815"
"266","35","1","5_3.jpg",,NULL,"1362065815"
"267","35","1","6_3.jpg",,NULL,"1362065815"
"268","35","1","7_3.jpg",,NULL,"1362065815"
"269","35","1","8_3.jpg",,NULL,"1362065815"
"270","35","1","9_2.jpg",,NULL,"1362065815"
"271","35","1","10_2.jpg",,NULL,"1362065815"
"272","35","1","11.jpg",,NULL,"1362065851"
"273","35","1","12.jpg",,NULL,"1362065851"
"274","36","1","dsc00844.jpg",,NULL,"1363174620"
"276","36","1","dsc00845.jpg",,NULL,"1363174763"
"277","36","1","dsc00846.jpg",,NULL,"1363174763"
"278","36","1","dsc00847.jpg",,NULL,"1363174763"
"279","36","1","dsc00848.jpg",,NULL,"1363174839"
"280","36","1","dsc00850.jpg",,NULL,"1363174839"
"281","36","1","dsc00853.jpg",,NULL,"1363174839"
"282","36","1","dsc00858.jpg",,NULL,"1363174839"
"283","36","1","dsc00861.jpg",,NULL,"1363174872"
"284","36","1","dsc00865.jpg",,NULL,"1363174872"
"285","36","1","dsc00869.jpg",,NULL,"1363174872"
"286","36","1","dsc00870.jpg",,NULL,"1363174872"
"287","36","1","dsc00871.jpg",,NULL,"1363174915"
"288","36","1","dsc00872.jpg",,NULL,"1363174915"
"289","36","1","dsc00873.jpg",,NULL,"1363174915"
"290","36","1","dsc00874.jpg",,NULL,"1363174915"
"291","36","1","dsc00876.jpg",,NULL,"1363174954"
"292","36","1","dsc00878.jpg",,NULL,"1363174954"
"293","36","1","dsc00879.jpg",,NULL,"1363174954"
"294","36","1","dsc00881.jpg",,NULL,"1363174954"
"295","37","1","a5.jpg",,NULL,"1364648231"
"296","37","1","a6.jpg",,NULL,"1364648231"
"297","37","1","a8.jpg",,NULL,"1364648231"
"298","37","1","a9.jpg",,NULL,"1364648231"
"299","37","1","a7.jpg",,NULL,"1364648298"
"300","37","1","a10.jpg",,NULL,"1364648298"
"301","37","1","a1.jpg",,NULL,"1364648298"
"302","37","1","a2.jpg",,NULL,"1364648373"
"303","37","1","a3.jpg",,NULL,"1364648373"
"304","37","1","a4.jpg",,NULL,"1364648373"
"305","38","1","img_2274.jpg",,NULL,"1365502022"
"306","38","1","img_2260.jpg",,NULL,"1365502022"
"307","38","1","img_2253.jpg",,NULL,"1365502022"
"308","38","1","img_2279.jpg",,NULL,"1365502075"
"309","38","1","img_2285.jpg",,NULL,"1365502075"
"310","38","1","img_2286.jpg",,NULL,"1365502075"
"311","38","1","img_2290.jpg",,NULL,"1365502075"
"312","38","1","img_2294.jpg",,NULL,"1365502118"
"313","38","1","img_2302.jpg",,NULL,"1365502118"
"314","38","1","img_2314.jpg",,NULL,"1365502118"
"315","38","1","img_2318.jpg",,NULL,"1365502118"
"316","38","1","img_2319.jpg",,NULL,"1365502207"
"317","38","1","img_2320.jpg",,NULL,"1365502207"
"318","38","1","img_2321.jpg",,NULL,"1365502207"
"319","38","1","img_2324.jpg",,NULL,"1365502207"
"320","38","1","img_2326.jpg",,NULL,"1365502207"
"321","38","1","img_2329.jpg",,NULL,"1365502207"
"322","38","1","dsc00264.jpg",,NULL,"1365502330"
"323","38","1","dsc00277.jpg",,NULL,"1365502330"
"324","38","1","dsc00287.jpg",,NULL,"1365502330"
"325","38","1","dsc00301.jpg",,NULL,"1365502330"
"326","38","1","dsc00303.jpg",,NULL,"1365502330"
"327","38","1","dsc00305.jpg",,NULL,"1365502330"
"328","38","1","dsc00306.jpg",,NULL,"1365502330"
"329","38","1","dsc00308.jpg",,NULL,"1365502330"
"330","38","1","dsc00310.jpg",,NULL,"1365502453"
"331","39","1","dsc00335.jpg",,NULL,"1365755276"
"332","39","1","dsc00337.jpg",,NULL,"1365755276"
"333","39","1","dsc00342.jpg",,NULL,"1365755276"
"334","39","1","dsc00350.jpg",,NULL,"1365755276"
"352","40","1","dsc00570.jpg",,NULL,"1366634762"
"351","40","1","dsc00569.jpg",,NULL,"1366634668"
"348","40","1","dsc00565.jpg",,NULL,"1366634668"
"349","40","1","dsc00566.jpg",,NULL,"1366634668"
"350","40","1","dsc00568.jpg",,NULL,"1366634668"
"341","39","1","dsc00376.jpg",,NULL,"1365755328"
"353","40","1","dsc00572.jpg",,NULL,"1366634762"
"355","40","1","dsc00574.jpg",,NULL,"1366634762"
"345","39","1","dsc00402.jpg",,NULL,"1365755384"
"346","39","1","dsc00421.jpg",,NULL,"1365755384"
"354","40","1","dsc00573.jpg",,NULL,"1366634762"
"356","40","1","dsc00581.jpg",,NULL,"1366634796"
"357","40","1","dsc00596.jpg",,NULL,"1366634796"
"358","40","1","dsc00602.jpg",,NULL,"1366634796"
"359","40","1","img_2351.jpg",,NULL,"1366634796"
"360","40","1","img_2364.jpg",,NULL,"1366634852"
"361","40","1","img_2368.jpg",,NULL,"1366634852"
"362","40","1","img_2372.jpg",,NULL,"1366634852"
"363","40","1","img_2384.jpg",,NULL,"1366634852"
"364","40","1","img_2393.jpg",,NULL,"1366634962"
"365","40","1","img_2394.jpg",,NULL,"1366634962"
"366","40","1","img_2397.jpg",,NULL,"1366634962"
"367","40","1","img_2411.jpg",,NULL,"1366634962"
"368","40","1","img_2415.jpg",,NULL,"1366635051"
"369","40","1","img_2416.jpg",,NULL,"1366635051"
"370","40","1","img_2417.jpg",,NULL,"1366635051"
"371","40","1","img_2418.jpg",,NULL,"1366635051"
"372","40","1","img_2419.jpg",,NULL,"1366635159"
"373","40","1","img_2422.jpg",,NULL,"1366635159"
"374","40","1","img_2423.jpg",,NULL,"1366635159"
"375","40","1","img_2429.jpg",,NULL,"1366635159"
"376","40","1","img_2441.jpg",,NULL,"1366635159"
"377","40","1","img_2453.jpg",,NULL,"1366635186"
"378","41","1","dscn0797.jpg",,NULL,"1366808424"
"379","41","1","dscn0802.jpg",,NULL,"1366808424"
"380","41","1","dscn0803.jpg",,NULL,"1366808424"
"381","41","1","dscn0804.jpg",,NULL,"1366808485"
"382","41","1","dscn0805.jpg",,NULL,"1366808485"
"383","41","1","p1010987.jpg",,NULL,"1366808485"
"384","41","1","p1010990.jpg",,NULL,"1366808513"
"385","41","1","p1010991.jpg",,NULL,"1366808513"
"386","41","1","p1010995.jpg",,NULL,"1366808513"
"387","41","1","p1010996.jpg",,NULL,"1366808539"
"388","41","1","p1010998.jpg",,NULL,"1366808539"
"389","41","1","p1011001.jpg",,NULL,"1366808539"
"390","41","1","p1011004.jpg",,NULL,"1366808568"
"391","41","1","p1011005.jpg",,NULL,"1366808568"
"392","41","1","p1011006.jpg",,NULL,"1366808568"
"393","41","1","p1011007.jpg",,NULL,"1366808600"
"394","41","1","p1011008.jpg",,NULL,"1366808600"
"395","41","1","p1011010.jpg",,NULL,"1366808600"
"396","41","1","p1011011.jpg",,NULL,"1366808639"
"397","41","1","p1011012.jpg",,NULL,"1366808639"
"398","41","1","p1011013.jpg",,NULL,"1366808639"
"399","41","1","p1011014.jpg",,NULL,"1366808677"
"400","41","1","p1011015.jpg",,NULL,"1366808677"
"401","41","1","p1011016.jpg",,NULL,"1366808677"
"457","43","1","dscn0342.jpg",,NULL,"1369667124"
"456","43","1","91___6_.jpg",,NULL,"1369667124"
"455","43","1","1_4.jpg",,NULL,"1369667124"
"454","43","1","1__26_.jpg",,NULL,"1369667124"
"453","43","1","1__25_.jpg",,NULL,"1369667075"
"452","43","1","1__24_.jpg",,NULL,"1369667075"
"451","43","1","1__23_.jpg",,NULL,"1369667075"
"450","43","1","1__22_.jpg",,NULL,"1369667075"
"449","43","1","1__20_.jpg",,NULL,"1369667027"
"448","43","1","1__19_.jpg",,NULL,"1369667027"
"447","43","1","1__18_.jpg",,NULL,"1369667027"
"446","43","1","1__17_.jpg",,NULL,"1369667027"
"445","43","1","1__16_.jpg",,NULL,"1369666943"
"444","43","1","1__15_.jpg",,NULL,"1369666943"
"443","43","1","1__14_.jpg",,NULL,"1369666943"
"442","43","1","1__13_.jpg",,NULL,"1369666943"
"441","43","1","1__12_.jpg",,NULL,"1369666943"
"440","43","1","1__11_.jpg",,NULL,"1369666896"
"439","43","1","1__10_.jpg",,NULL,"1369666896"
"438","43","1","1__8_.jpg",,NULL,"1369666896"
"437","43","1","1__7_.jpg",,NULL,"1369666896"
"436","43","1","1__6_.jpg",,NULL,"1369666896"
"435","43","1","1__5_.jpg",,NULL,"1369666847"
"434","43","1","1__4_.jpg",,NULL,"1369666847"
"433","43","1","1__3_.jpg",,NULL,"1369666847"
"432","43","1","1__2_.jpg",,NULL,"1369666847"
"431","43","1","1__1_.jpg",,NULL,"1369666847"
"458","43","1","img_1803.jpg",,NULL,"1369667158"
"459","43","1","_______11_.jpg",,NULL,"1369667158"
"460","44","1","dsc01228.jpg",,NULL,"1370034027"
"461","44","1","dsc01229.jpg",,NULL,"1370034027"
"462","44","1","dsc01230.jpg",,NULL,"1370034027"
"463","44","1","dsc01232.jpg",,NULL,"1370034027"
"464","44","1","dsc01234.jpg",,NULL,"1370034027"
"465","44","1","dsc01235.jpg",,NULL,"1370034062"
"466","44","1","dsc01236.jpg",,NULL,"1370034062"
"467","44","1","dsc01237.jpg",,NULL,"1370034062"
"468","44","1","dsc01238.jpg",,NULL,"1370034062"
"469","44","1","dsc01239.jpg",,NULL,"1370034120"
"470","44","1","dsc01240.jpg",,NULL,"1370034120"
"471","44","1","dsc01241.jpg",,NULL,"1370034120"
"472","44","1","dsc01244.jpg",,NULL,"1370034120"
"473","44","1","dsc01246.jpg",,NULL,"1370034174"
"474","44","1","dsc01247.jpg",,NULL,"1370034174"
"475","44","1","dsc01248.jpg",,NULL,"1370034174"
"476","44","1","dsc01243.jpg",,NULL,"1370034174"
"525","47","1","dsc_0483.jpg",,NULL,"1380017038"
"526","47","1","dsc_0485.jpg",,NULL,"1380017140"
"527","47","1","dsc_0486.jpg",,NULL,"1380017140"
"528","47","1","dsc_0488.jpg",,NULL,"1380017140"
"529","47","1","dsc_0490.jpg",,NULL,"1380017140"
"530","47","1","dsc_0503.jpg",,NULL,"1380017270"
"531","47","1","dsc_0505.jpg",,NULL,"1380017270"
"532","47","1","dsc_0506.jpg",,NULL,"1380017270"
"533","47","1","dsc_0508.jpg",,NULL,"1380017270"
"534","47","1","dsc_0512.jpg",,NULL,"1380017294"
"535","47","1","dsc_0514.jpg",,NULL,"1380017294"
"536","48","1","2013-08-25_09.32.58.jpg",,NULL,"1380129295"
"537","48","1","2013-08-25_09.33.06.jpg",,NULL,"1380129295"
"538","48","1","2013-08-26_10.35.00.jpg",,NULL,"1380129295"
"539","48","1","2013-08-26_10.41.10.jpg",,NULL,"1380129295"
"540","48","1","2013-08-26_15.43.21.jpg",,NULL,"1380129362"
"541","48","1","2013-08-26_15.43.28.jpg",,NULL,"1380129362"
"542","48","1","2013-08-26_17.21.49.jpg",,NULL,"1380129362"
"543","48","1","dscn4499.jpg",,NULL,"1380129403"
"544","48","1","dscn4500.jpg",,NULL,"1380129403"
"545","48","1","dscn4501.jpg",,NULL,"1380129403"
"546","48","1","dscn4504.jpg",,NULL,"1380129429"
"547","48","1","dscn4508.jpg",,NULL,"1380129429"
"548","48","1","dscn4513.jpg",,NULL,"1380129429"
"549","48","1","dscn4515.jpg",,NULL,"1380129463"
"550","48","1","dscn4516.jpg",,NULL,"1380129463"
"551","48","1","dscn4519.jpg",,NULL,"1380129463"
"552","48","1","dscn4522.jpg",,NULL,"1380129496"
"553","48","1","dscn4524.jpg",,NULL,"1380129496"
"554","48","1","dscn4526.jpg",,NULL,"1380129496"
"555","48","1","dscn4533.jpg",,NULL,"1380129534"
"556","48","1","dscn4554.jpg",,NULL,"1380129534"
"557","48","1","dscn4557.jpg",,NULL,"1380129534"
"558","48","1","dscn4567.jpg",,NULL,"1380129577"
"559","48","1","dscn4571.jpg",,NULL,"1380129577"
"560","48","1","dscn4576.jpg",,NULL,"1380129577"
"561","48","1","dscn4577.jpg",,NULL,"1380129626"
"562","48","1","dscn4582.jpg",,NULL,"1380129626"
"563","48","1","dscn4583.jpg",,NULL,"1380129626"
"564","48","1","dscn4585.jpg",,NULL,"1380129675"
"565","48","1","dscn4596.jpg",,NULL,"1380129675"
"566","48","1","dscn4606.jpg",,NULL,"1380129675"
"567","48","1","dscn4609.jpg",,NULL,"1380129711"
"568","48","1","dscn4638.jpg",,NULL,"1380129711"
"569","48","1","dscn4651.jpg",,NULL,"1380129711"
"570","48","1","dscn4658.jpg",,NULL,"1380129751"
"571","48","1","dscn4659.jpg",,NULL,"1380129751"
"572","48","1","dscn4670.jpg",,NULL,"1380129751"
"573","48","1","dscn4677.jpg",,NULL,"1380129838"
"574","48","1","dscn4679.jpg",,NULL,"1380129838"
"575","48","1","dscn4680.jpg",,NULL,"1380129876"
"576","48","1","dscn4681.jpg",,NULL,"1380129876"
"577","48","1","dscn4684.jpg",,NULL,"1380129876"
"578","48","1","dscn4688.jpg",,NULL,"1380129919"
"579","48","1","dscn4694.jpg",,NULL,"1380129919"
"580","48","1","dscn4696.jpg",,NULL,"1380129919"
"581","48","1","dscn4700.jpg",,NULL,"1380130011"
"582","48","1","dscn4702.jpg",,NULL,"1380130011"
"583","48","1","dscn4705.jpg",,NULL,"1380130011"
"584","48","1","dscn4718.jpg",,NULL,"1380130034"
"585","48","1","dscn4720.jpg",,NULL,"1380130034"
"593","49","1","83db25dd81f280d2ce9b35b3d0ba1173.jpg",,NULL,"1380235775"
"592","49","1","37caf408cfa58819240b9882c04cd7b1.jpg",,NULL,"1380235775"
"595","49","1","img_20130926_174836.jpg",,NULL,"1380235775"
"594","49","1","img_20130926_175401.jpg",,NULL,"1380235775"
"596","49","1","img_20130926_175444.jpg",,NULL,"1380235847"
"597","49","1","img_20130926_175747.jpg",,NULL,"1380235847"
"598","49","1","img_20130926_182248.jpg",,NULL,"1380235847"
"599","49","1","img_20130926_181923.jpg",,NULL,"1380235847"
"600","49","1","img_20130926_181008.jpg",,NULL,"1380235890"
"601","49","1","img_20130926_184512.jpg",,NULL,"1380235890"
"602","49","1","img_20130926_184516.jpg",,NULL,"1380235890"
"603","49","1","img_20130926_211613.jpg",,NULL,"1380235890"
"604","49","1","img_20130926_211803.jpg",,NULL,"1380235919"
"605","49","1","img_20130926_212147.jpg",,NULL,"1380235919"
"606","49","1","img_20130926_212621.jpg",,NULL,"1380235919"
"607","50","1","dsc00168.jpg",,NULL,"1383034353"
"608","50","1","dsc00171.jpg",,NULL,"1383034353"
"609","50","1","dsc00180.jpg",,NULL,"1383034353"
"610","50","1","dsc00604.jpg",,NULL,"1383034353"
"611","50","1","dsc00866.jpg",,NULL,"1383034353"
"612","50","1","dsc00874_1.jpg",,NULL,"1383034403"
"613","50","1","dsc01328.jpg",,NULL,"1383034403"
"614","50","1","dsc01329.jpg",,NULL,"1383034403"
"615","50","1","dsc01334.jpg",,NULL,"1383034403"
"616","50","1","dsc01335.jpg",,NULL,"1383034403"
"617","50","1","dsc01338.jpg",,NULL,"1383034453"
"618","50","1","dsc01342.jpg",,NULL,"1383034453"
"619","50","1","dsc01348.jpg",,NULL,"1383034453"
"620","50","1","dsc01553.jpg",,NULL,"1383034453"
"621","50","1","dsc01649.jpg",,NULL,"1383034453"
"622","50","1","dsc01679.jpg",,NULL,"1383034576"
"623","50","1","dsc01734.jpg",,NULL,"1383034576"
"624","50","1","dsc01760.jpg",,NULL,"1383034576"
"625","50","1","dsc01784.jpg",,NULL,"1383034576"
"626","50","1","dsc01792.jpg",,NULL,"1383034617"
"627","50","1","dsc02266.jpg",,NULL,"1383034617"
"628","50","1","dsc02268.jpg",,NULL,"1383034617"
"629","50","1","dsc02303.jpg",,NULL,"1383034617"
"630","50","1","dsc02305.jpg",,NULL,"1383034647"
"631","50","1","dsc02340.jpg",,NULL,"1383034647"
"632","50","1","img_1425_1.jpg",,NULL,"1383034647"
"633","50","1","img_1542.jpg",,NULL,"1383034647"
"634","50","1","img_1575.jpg",,NULL,"1383034683"
"635","50","1","img_1713.jpg",,NULL,"1383034683"
"636","50","1","img_1740_-______.jpg",,NULL,"1383034683"
"637","50","1","img_1780.jpg",,NULL,"1383034683"
"638","50","1","img_1802.jpg",,NULL,"1383034720"
"639","50","1","img_2329_1.jpg",,NULL,"1383034720"
"640","50","1","img_2970.jpg",,NULL,"1383034720"
"641","50","1","img_3291.jpg",,NULL,"1383034720"
"642","50","1","img_3292.jpg",,NULL,"1383034748"
"643","50","1","__._600.jpg",,NULL,"1383034748"
"644","50","1","__._601.jpg",,NULL,"1383034748"
"645","50","1","__._602.jpg",,NULL,"1383034748"
"646","50","1","__._602_.jpg",,NULL,"1383034788"
"647","50","1","__._603.jpg",,NULL,"1383034788"
"648","50","1","__._604.jpg",,NULL,"1383034788"
"649","50","1","__._605.jpg",,NULL,"1383034788"
"650","50","1","__._606.jpg",,NULL,"1383034803"
"651","51","1","dsc00003.jpg",,NULL,"1383661181"
"652","51","1","dsc00004.jpg",,NULL,"1383661181"
"653","51","1","dsc00254.jpg",,NULL,"1383661181"
"654","51","1","dsc00325.jpg",,NULL,"1383661181"
"655","51","1","dsc00330.jpg",,NULL,"1383661181"
"656","51","1","dsc00484.jpg",,NULL,"1383661213"
"657","51","1","dsc00485.jpg",,NULL,"1383661213"
"658","51","1","dsc00641_1.jpg",,NULL,"1383661213"
"659","51","1","dsc00642.jpg",,NULL,"1383661213"
"660","51","1","dsc00648.jpg",,NULL,"1383661213"
"661","51","1","dsc00650_1.jpg",,NULL,"1383661249"
"662","51","1","dsc00661.jpg",,NULL,"1383661249"
"663","51","1","dsc00664_1.jpg",,NULL,"1383661249"
"664","51","1","dsc00874_2.jpg",,NULL,"1383661249"
"665","51","1","dsc01237_1.jpg",,NULL,"1383661249"
"666","51","1","dsc01239_1.jpg",,NULL,"1383661301"
"667","51","1","dsc01240_1.jpg",,NULL,"1383661301"
"668","51","1","dsc01244_1.jpg",,NULL,"1383661301"
"669","51","1","dsc01247_1.jpg",,NULL,"1383661301"
"670","51","1","dsc01248_1.jpg",,NULL,"1383661301"
"671","51","1","dsc01254.jpg",,NULL,"1383661332"
"672","51","1","dsc01255.jpg",,NULL,"1383661332"
"673","51","1","dsc01861.jpg",,NULL,"1383661332"
"674","51","1","dsc01864.jpg",,NULL,"1383661332"
"675","51","1","dsc01865.jpg",,NULL,"1383661332"
"676","51","1","dsc02000.jpg",,NULL,"1383661363"
"677","51","1","dsc02003.jpg",,NULL,"1383661363"
"678","51","1","dsc02008.jpg",,NULL,"1383661363"
"679","51","1","dsc02076.jpg",,NULL,"1383661363"
"680","51","1","img_1250.jpg",,NULL,"1383661363"
"681","51","1","img_1562.jpg",,NULL,"1383661384"
"682","51","1","img_1597.jpg",,NULL,"1383661384"
"683","52","1","1_6.jpg",,NULL,"1384156396"
"684","52","1","2_4.jpg",,NULL,"1384156396"
"685","52","1","3_4.jpg",,NULL,"1384156396"
"686","52","1","4_4.jpg",,NULL,"1384156396"
"750","53","1","dscn5308.jpg",,NULL,"1385998342"
"688","52","1","6_4.jpg",,NULL,"1384156433"
"689","52","1","7_4.jpg",,NULL,"1384156433"
"690","52","1","dsc00899.jpg",,NULL,"1384156433"
"691","52","1","dsc00936.jpg",,NULL,"1384156433"
"692","52","1","dsc00941.jpg",,NULL,"1384156433"
"693","52","1","dsc00951.jpg",,NULL,"1384156463"
"694","52","1","dsc01049.jpg",,NULL,"1384156463"
"695","52","1","dsc01352.jpg",,NULL,"1384156463"
"696","52","1","dsc01375.jpg",,NULL,"1384156463"
"697","52","1","dsc01392.jpg",,NULL,"1384156463"
"698","52","1","dsc01643.jpg",,NULL,"1384156492"
"699","52","1","dsc01672.jpg",,NULL,"1384156492"
"700","52","1","dsc01875.jpg",,NULL,"1384156492"
"701","52","1","dsc01878.jpg",,NULL,"1384156492"
"702","52","1","dsc01940.jpg",,NULL,"1384156492"
"703","52","1","dsc01946.jpg",,NULL,"1384156701"
"704","52","1","dsc01957.jpg",,NULL,"1384156701"
"705","52","1","dsc01958.jpg",,NULL,"1384156701"
"706","52","1","dsc01965.jpg",,NULL,"1384156701"
"707","52","1","dsc01973.jpg",,NULL,"1384156701"
"708","52","1","dsc01976.jpg",,NULL,"1384156731"
"709","52","1","dsc02284.jpg",,NULL,"1384156731"
"710","52","1","dsc02285.jpg",,NULL,"1384156731"
"711","52","1","dsc02288.jpg",,NULL,"1384156731"
"712","52","1","dsc02311.jpg",,NULL,"1384156731"
"713","52","1","dsc02742.jpg",,NULL,"1384156969"
"714","52","1","dsc02746.jpg",,NULL,"1384156969"
"715","52","1","dscn0802.jpg.w550_1_.jpg",,NULL,"1384156969"
"716","52","1","img_0012.jpg",,NULL,"1384156969"
"717","52","1","img_0020.jpg",,NULL,"1384156969"
"718","52","1","img_1274.jpg",,NULL,"1384157005"
"719","52","1","img_1285.jpg",,NULL,"1384157005"
"720","52","1","img_1731.jpg",,NULL,"1384157005"
"721","52","1","img_1751.jpg",,NULL,"1384157005"
"722","52","1","img_2394_1.jpg",,NULL,"1384157005"
"723","52","1","img_2405.jpg",,NULL,"1384157048"
"724","52","1","img_2418_1.jpg",,NULL,"1384157048"
"725","52","1","img_2422_1.jpg",,NULL,"1384157048"
"726","52","1","img_2424.jpg",,NULL,"1384157048"
"727","52","1","img_2429_1.jpg",,NULL,"1384157048"
"728","52","1","img_2441_1.jpg",,NULL,"1384157090"
"729","52","1","img_2452.jpg",,NULL,"1384157090"
"730","52","1","img_2468.jpg",,NULL,"1384157090"
"731","52","1","img_2619.jpg",,NULL,"1384157090"
"732","52","1","img_2625.jpg",,NULL,"1384157090"
"733","52","1","img_2644.jpg",,NULL,"1384157135"
"734","52","1","img_3458.jpg",,NULL,"1384157135"
"735","52","1","img_3464.jpg",,NULL,"1384157135"
"736","52","1","img_3473.jpg",,NULL,"1384157135"
"737","52","1","img_3917.jpg",,NULL,"1384157135"
"738","52","1","img_3927.jpg",,NULL,"1384157179"
"739","52","1","p1000321.jpg",,NULL,"1384157179"
"740","52","1","p1010763__1_.jpg",,NULL,"1384157179"
"741","52","1","p1011001.jpg.w550_1_.jpg",,NULL,"1384157179"
"742","52","1","p1011016.jpg.w550_1_.jpg",,NULL,"1384157179"
"743","52","1","____0002.jpg",,NULL,"1384157217"
"744","52","1","____0003.jpg",,NULL,"1384157217"
"745","52","1","____0004.jpg",,NULL,"1384157217"
"746","52","1","____0005.jpg",,NULL,"1384157217"
"747","52","1","____0006.jpg",,NULL,"1384157217"
"749","53","1","dscn5304.jpg",,NULL,"1385998342"
"751","53","1","dscn5309.jpg",,NULL,"1385998342"
"752","53","1","dscn5313.jpg",,NULL,"1385998342"
"753","53","1","dscn5319.jpg",,NULL,"1385998378"
"754","53","1","pict0001.jpg",,NULL,"1385998378"
"755","53","1","pict0003.jpg",,NULL,"1385998378"
"756","53","1","pict0004.jpg",,NULL,"1385998378"
"757","53","1","pict0006.jpg",,NULL,"1385998427"
"758","53","1","pict0008.jpg",,NULL,"1385998427"
"759","53","1","pict0012.jpg",,NULL,"1385998427"
"760","53","1","1_7.jpg",,NULL,"1385998509"
"761","53","1","2_5.jpg",,NULL,"1385998509"
"762","53","1","3_5.jpg",,NULL,"1385998509"
"763","53","1","4_5.jpg",,NULL,"1385998509"
"764","53","1","5_4.jpg",,NULL,"1385998542"
"765","53","1","6_5.jpg",,NULL,"1385998542"
"766","53","1","7_5.jpg",,NULL,"1385998542"
"767","53","1","8_4.jpg",,NULL,"1385998542"
"768","54","1","_mg_4744.jpg",,,"1393327337"
"769","54","1","_mg_4746.jpg",,NULL,"1393327376"
"770","54","1","_mg_4747.jpg",,NULL,"1393327376"
"771","54","1","_mg_4752.jpg",,NULL,"1393327376"
"772","54","1","_mg_4753.jpg",,NULL,"1393327376"
"773","54","1","_mg_4759.jpg",,NULL,"1393327376"
"774","54","1","_mg_4774.jpg",,NULL,"1393327410"
"775","54","1","_mg_4779.jpg",,NULL,"1393327410"
"776","54","1","_mg_4781.jpg",,NULL,"1393327410"
"777","54","1","_mg_4785.jpg",,NULL,"1393327410"
"778","54","1","_mg_4787.jpg",,NULL,"1393327410"
"779","54","1","_mg_4789.jpg",,NULL,"1393327440"
"780","54","1","_mg_4791.jpg",,NULL,"1393327440"
"781","54","1","_mg_4792.jpg",,NULL,"1393327440"
"782","54","1","_mg_4793.jpg",,NULL,"1393327440"
"783","54","1","_mg_4795.jpg",,NULL,"1393327440"
"784","54","1","_mg_4798.jpg",,NULL,"1393327519"
"785","54","1","_mg_4803.jpg",,NULL,"1393327519"
"786","54","1","_mg_4805.jpg",,NULL,"1393327519"
"787","54","1","_mg_4807.jpg",,NULL,"1393327519"
"788","54","1","_mg_4808.jpg",,NULL,"1393327519"
"789","54","1","_mg_4809.jpg",,NULL,"1393327594"
"790","54","1","_mg_4816.jpg",,NULL,"1393327594"
"791","54","1","_mg_4819.jpg",,NULL,"1393327594"
"792","54","1","_mg_4820.jpg",,NULL,"1393327594"
"793","54","1","_mg_4821.jpg",,NULL,"1393327594"
"794","54","1","_mg_4825.jpg",,NULL,"1393327629"
"795","54","1","_mg_4832.jpg",,NULL,"1393327629"
"796","54","1","_mg_4834.jpg",,NULL,"1393327629"
"797","54","1","_mg_4837.jpg",,NULL,"1393327629"
"798","54","1","_mg_4839.jpg",,NULL,"1393327629"
"799","55","1","5d514b05b1ac86e3ed16a74c2a8f815d.jpg",,NULL,"1393922967"
"800","55","1","4099eb38fd7f0e22317d4c1ae8752682.jpg",,NULL,"1393922967"
"801","55","1","dsc03274.jpg",,NULL,"1393922967"
"802","55","1","dsc03277.jpg",,NULL,"1393922967"
"803","55","1","dsc03282.jpg",,NULL,"1393922967"
"804","55","1","dsc03283.jpg",,NULL,"1393922967"
"805","55","1","dsc03288.jpg",,NULL,"1393923033"
"806","55","1","dsc03290.jpg",,NULL,"1393923033"
"807","55","1","dsc03294.jpg",,NULL,"1393923033"
"808","55","1","dsc03297.jpg",,NULL,"1393923033"
"809","55","1","dsc03298.jpg",,NULL,"1393923033"
"810","55","1","dsc03300.jpg",,NULL,"1393923051"
"811","55","1","f434936f7b909a40d992ba547d85d572.jpg",,NULL,"1393923051"
"812","56","1","dsc03544.jpg",,NULL,"1395992093"
"813","56","1","dsc03545.jpg",,NULL,"1395992093"
"814","56","1","dsc03546.jpg",,NULL,"1395992093"
"815","56","1","dsc03547.jpg",,NULL,"1395992093"
"816","56","1","dsc03549.jpg",,NULL,"1395992093"
"817","56","1","dsc03552.jpg",,NULL,"1395992135"
"818","56","1","dsc03554.jpg",,NULL,"1395992135"
"819","56","1","dsc03555.jpg",,NULL,"1395992135"
"820","56","1","dsc03558.jpg",,NULL,"1395992135"
"821","56","1","dsc03560.jpg",,NULL,"1395992135"
"822","56","1","dsc03561.jpg",,NULL,"1395992168"
"823","56","1","dsc03563.jpg",,NULL,"1395992168"
"824","56","1","dsc03566.jpg",,NULL,"1395992168"
"825","56","1","dsc03570.jpg",,NULL,"1395992168"
"826","56","1","dsc03575.jpg",,NULL,"1395992168"
"827","56","1","dsc03576.jpg",,NULL,"1395992195"
"828","56","1","dsc03579.jpg",,NULL,"1395992195"
"829","56","1","dsc03591.jpg",,NULL,"1395992195"
"830","56","1","dsc03592.jpg",,NULL,"1395992195"
"831","56","1","dsc03598.jpg",,NULL,"1395992195"
"832","57","1","p1050598.jpg",,NULL,"1397225201"
"833","57","1","p1050599.jpg",,NULL,"1397225201"
"834","57","1","p1050600.jpg",,NULL,"1397225201"
"835","57","1","p1050601.jpg",,NULL,"1397225201"
"836","57","1","p1050603.jpg",,NULL,"1397225201"
"837","57","1","p1050604.jpg",,NULL,"1397225265"
"838","57","1","p1050605.jpg",,NULL,"1397225265"
"839","57","1","p1050606.jpg",,NULL,"1397225265"
"840","57","1","p1050607.jpg",,NULL,"1397225265"
"841","57","1","p1050608.jpg",,NULL,"1397225265"
"842","57","1","p1050609.jpg",,NULL,"1397225330"
"843","57","1","p1050610.jpg",,NULL,"1397225330"
"844","57","1","p1050611.jpg",,NULL,"1397225330"
"845","57","1","p1050612.jpg",,NULL,"1397225330"
"846","57","1","p1050613.jpg",,NULL,"1397225330"
"847","57","1","p1050614.jpg",,NULL,"1397225375"
"848","57","1","p1050615.jpg",,NULL,"1397225375"
"849","57","1","p1050616.jpg",,NULL,"1397225375"
"850","57","1","p1050617.jpg",,NULL,"1397225375"
"851","57","1","p1050618.jpg",,NULL,"1397225375"
"852","57","1","p1050619.jpg",,NULL,"1397225411"
"853","57","1","p1050620.jpg",,NULL,"1397225411"
"854","57","1","p1050621.jpg",,NULL,"1397225411"
"855","57","1","p1050622.jpg",,NULL,"1397225411"
"856","57","1","p1050623.jpg",,NULL,"1397225411"
"857","57","1","p1050624.jpg",,NULL,"1397225460"
"858","57","1","p1050625.jpg",,NULL,"1397225460"
"859","57","1","p1050626.jpg",,NULL,"1397225460"
"860","57","1","p1050627.jpg",,NULL,"1397225460"
"861","57","1","p1050628.jpg",,NULL,"1397225460"
"862","57","1","p1050629.jpg",,NULL,"1397225593"
"863","57","1","p1050630.jpg",,NULL,"1397225593"
"864","57","1","p1050631.jpg",,NULL,"1397225593"
"865","57","1","p1050632.jpg",,NULL,"1397225593"
"866","57","1","p1050634.jpg",,NULL,"1397225593"
"867","57","1","p1050635.jpg",,NULL,"1397225637"
"868","57","1","p1050636.jpg",,NULL,"1397225637"
"869","57","1","p1050637.jpg",,NULL,"1397225637"
"870","57","1","p1050638.jpg",,NULL,"1397225637"
"871","57","1","p1050639.jpg",,NULL,"1397225637"
"872","57","1","p1050640.jpg",,NULL,"1397225686"
"873","57","1","p1050641.jpg",,NULL,"1397225686"
"874","57","1","p1050642.jpg",,NULL,"1397225686"
"875","57","1","p1050643.jpg",,NULL,"1397225686"
"876","57","1","p1050644.jpg",,NULL,"1397225686"
"877","57","1","p1050645.jpg",,NULL,"1397225713"
"878","57","1","p1050646.jpg",,NULL,"1397225713"
"879","59","1","dsc02391.jpg",,NULL,"1397240567"
"880","59","1","dsc02400.jpg",,NULL,"1397240567"
"881","59","1","dsc02403.jpg",,NULL,"1397240567"
"882","59","1","dsc02404.jpg",,NULL,"1397240567"
"883","59","1","dsc02406.jpg",,NULL,"1397240567"
"884","59","1","dsc02407.jpg",,NULL,"1397240631"
"885","59","1","dsc02408.jpg",,NULL,"1397240631"
"886","59","1","dsc02410.jpg",,NULL,"1397240631"
"887","59","1","dsc02413.jpg",,NULL,"1397240631"
"888","59","1","dsc02417.jpg",,NULL,"1397240631"
"889","59","1","dsc02419.jpg",,NULL,"1397240697"
"890","59","1","dsc02426.jpg",,NULL,"1397240697"
"891","59","1","dsc02435.jpg",,NULL,"1397240697"
"892","59","1","dsc02441.jpg",,NULL,"1397240697"
"893","59","1","dsc02444.jpg",,NULL,"1397240697"
"894","59","1","dsc02452.jpg",,NULL,"1397240955"
"895","59","1","dsc02448.jpg",,NULL,"1397240955"
"896","59","1","dsc02455.jpg",,NULL,"1397240955"
"897","59","1","dsc02459.jpg",,NULL,"1397240955"
"898","59","1","dsc02460.jpg",,NULL,"1397240955"
"899","59","1","dsc02463.jpg",,NULL,"1397241022"
"900","59","1","dsc02468.jpg",,NULL,"1397241022"
"901","59","1","dsc02472.jpg",,NULL,"1397241022"
"902","59","1","dsc02473.jpg",,NULL,"1397241022"
"903","59","1","dsc02475.jpg",,NULL,"1397241022"
"904","59","1","dsc02476.jpg",,NULL,"1397241137"
"905","59","1","dsc02478.jpg",,NULL,"1397241137"
"906","59","1","dsc02480.jpg",,NULL,"1397241137"
"907","59","1","dsc02487.jpg",,NULL,"1397241137"
"908","59","1","dsc02489.jpg",,NULL,"1397241137"
"909","59","1","dsc02490.jpg",,NULL,"1397241189"
"910","59","1","dsc02491.jpg",,NULL,"1397241189"
"911","59","1","dsc02495.jpg",,NULL,"1397241189"
"912","59","1","dsc02492.jpg",,NULL,"1397241189"
"913","60","1","dsc03758.jpg",,NULL,"1398772653"
"914","60","1","dsc03759.jpg",,NULL,"1398772653"
"915","60","1","dsc03761.jpg",,NULL,"1398772653"
"916","60","1","dsc03764.jpg",,NULL,"1398772653"
"917","60","1","dsc03765.jpg",,NULL,"1398772653"
"918","60","1","dsc03766.jpg",,NULL,"1398772680"
"919","60","1","dsc03767.jpg",,NULL,"1398772680"
"920","60","1","dsc03770.jpg",,NULL,"1398772680"
"921","60","1","dsc03771.jpg",,NULL,"1398772680"
"922","60","1","dsc03772.jpg",,NULL,"1398772680"
"923","60","1","dsc03773.jpg",,NULL,"1398772710"
"924","60","1","dsc03775.jpg",,NULL,"1398772710"
"925","60","1","dsc03776.jpg",,NULL,"1398772710"
"926","60","1","dsc03777.jpg",,NULL,"1398772710"
"927","60","1","dsc03778.jpg",,NULL,"1398772710"
"928","60","1","dsc03779.jpg",,NULL,"1398772744"
"929","60","1","dsc03780.jpg",,NULL,"1398772744"
"930","60","1","dsc03781.jpg",,NULL,"1398772744"
"931","60","1","dsc03783.jpg",,NULL,"1398772744"
"932","60","1","dsc03789.jpg",,NULL,"1398772744"
"933","60","1","dsc03790.jpg",,NULL,"1398772786"
"934","60","1","dsc03791.jpg",,NULL,"1398772786"
"935","60","1","dsc03792.jpg",,NULL,"1398772786"
"936","60","1","dsc03793.jpg",,NULL,"1398772786"
"937","60","1","dsc03794.jpg",,NULL,"1398772786"
"938","60","1","dsc03795.jpg",,NULL,"1398772822"
"939","60","1","dsc03796.jpg",,NULL,"1398772822"
"940","60","1","dsc03797.jpg",,NULL,"1398772822"
"941","60","1","dsc03798.jpg",,NULL,"1398772822"
"942","60","1","dsc03799.jpg",,NULL,"1398772822"
"943","60","1","dsc03800.jpg",,NULL,"1398772861"
"944","60","1","dsc03801.jpg",,NULL,"1398772861"
"945","60","1","dsc03802.jpg",,NULL,"1398772861"
"946","60","1","dsc03803.jpg",,NULL,"1398772861"
"947","60","1","dsc03806.jpg",,NULL,"1398772861"
"948","60","1","dsc03807.jpg",,NULL,"1398772890"
"949","60","1","dsc03809.jpg",,NULL,"1398772890"
"950","60","1","dsc03812.jpg",,NULL,"1398772890"
"951","60","1","dsc03815.jpg",,NULL,"1398772890"
"952","61","1","img_0534.jpg",,NULL,"1399290266"
"953","61","1","img_0538.jpg",,NULL,"1399290266"
"954","61","1","img_0542.jpg",,NULL,"1399290266"
"955","61","1","img_0561.jpg",,NULL,"1399290266"
"956","61","1","img_0563.jpg",,NULL,"1399290266"
"957","61","1","img_0568.jpg",,NULL,"1399290266"
"958","62","1","dscn1040.jpg",,NULL,"1400772619"
"959","62","1","dscn1041.jpg",,NULL,"1400772619"
"960","62","1","dscn1042.jpg",,NULL,"1400772619"
"961","62","1","dscn1043.jpg",,NULL,"1400772619"
"962","62","1","dscn1046.jpg",,NULL,"1400772619"
"963","62","1","dscn1048.jpg",,NULL,"1400772693"
"964","62","1","dscn1052.jpg",,NULL,"1400772693"
"965","62","1","dscn1053.jpg",,NULL,"1400772693"
"966","62","1","dscn1055.jpg",,NULL,"1400772693"
"967","62","1","dscn1063.jpg",,NULL,"1400772693"
"968","62","1","dscn1067.jpg",,NULL,"1400772750"
"969","62","1","dscn1070.jpg",,NULL,"1400772750"
"970","62","1","dscn1073.jpg",,NULL,"1400772750"
"971","62","1","dscn1076.jpg",,NULL,"1400772750"
"972","62","1","dscn1077.jpg",,NULL,"1400772750"
"973","62","1","dscn1080.jpg",,NULL,"1400772802"
"974","62","1","dscn1081.jpg",,NULL,"1400772802"
"975","62","1","dscn1082.jpg",,NULL,"1400772802"
"976","62","1","dscn1084.jpg",,NULL,"1400772802"
"977","62","1","dscn1088.jpg",,NULL,"1400772802"
"978","62","1","dscn1089.jpg",,NULL,"1400772848"
"979","62","1","dscn1093.jpg",,NULL,"1400772848"
"980","62","1","dscn1094.jpg",,NULL,"1400772848"
"981","62","1","dscn1096.jpg",,NULL,"1400772848"
"982","62","1","dscn1097.jpg",,NULL,"1400772848"
"983","62","1","dscn1099.jpg",,NULL,"1400772900"
"984","62","1","dscn1102.jpg",,NULL,"1400772900"
"985","62","1","dscn1104.jpg",,NULL,"1400772900"
"986","62","1","dscn1106.jpg",,NULL,"1400772900"
"987","62","1","dscn1108.jpg",,NULL,"1400772900"
"988","62","1","dscn1110.jpg",,NULL,"1400772953"
"989","62","1","dscn1113.jpg",,NULL,"1400772953"
"990","62","1","dscn1114.jpg",,NULL,"1400772953"
"991","62","1","dscn1115.jpg",,NULL,"1400772953"
"992","62","1","dscn1118.jpg",,NULL,"1400772953"
"993","62","1","dscn1119.jpg",,NULL,"1400773003"
"994","62","1","dscn1121.jpg",,NULL,"1400773003"
"995","62","1","dscn1122.jpg",,NULL,"1400773003"
"996","62","1","dscn1126.jpg",,NULL,"1400773003"
"997","62","1","dscn1129.jpg",,NULL,"1400773003"
"998","62","1","dscn1132.jpg",,NULL,"1400773066"
"999","62","1","dscn1139.jpg",,NULL,"1400773066"
"1000","62","1","dscn1143.jpg",,NULL,"1400773066"
"1001","62","1","dscn1145.jpg",,NULL,"1400773066"
"1002","62","1","dscn1147.jpg",,NULL,"1400773066"
"1003","62","1","dscn1149.jpg",,NULL,"1400773117"
"1004","62","1","dscn1152.jpg",,NULL,"1400773117"
"1005","62","1","dscn1153.jpg",,NULL,"1400773117"
"1006","62","1","dscn1154.jpg",,NULL,"1400773117"
"1007","62","1","dscn1156.jpg",,NULL,"1400773117"
"1008","62","1","dscn1157.jpg",,NULL,"1400773182"
"1009","62","1","dscn1159.jpg",,NULL,"1400773182"
"1010","62","1","dscn1160.jpg",,NULL,"1400773182"
"1011","62","1","dscn1162.jpg",,NULL,"1400773182"
"1012","62","1","dscn1163.jpg",,NULL,"1400773182"
"1013","62","1","dscn1164.jpg",,NULL,"1400773241"
"1014","62","1","dscn1169.jpg",,NULL,"1400773241"
"1015","62","1","dscn1170.jpg",,NULL,"1400773241"
"1016","62","1","dscn1174.jpg",,NULL,"1400773241"
"1017","62","1","dscn1179.jpg",,NULL,"1400773241"
"1018","62","1","dscn1180.jpg",,NULL,"1400773289"
"1019","62","1","dscn1187.jpg",,NULL,"1400773289"
"1020","62","1","dscn1192.jpg",,NULL,"1400773289"
"1021","62","1","dscn1195.jpg",,NULL,"1400773289"
"1022","62","1","dscn1196.jpg",,NULL,"1400773289"
"1023","63","1","dscn1199.jpg",,NULL,"1400857675"
"1024","63","1","dscn1202.jpg",,NULL,"1400857675"
"1025","63","1","dscn1203.jpg",,NULL,"1400857675"
"1026","63","1","dscn1204.jpg",,NULL,"1400857675"
"1027","63","1","dscn1205.jpg",,NULL,"1400857675"
"1028","63","1","dscn1206.jpg",,NULL,"1400857716"
"1029","63","1","dscn1207.jpg",,NULL,"1400857716"
"1030","63","1","dscn1208.jpg",,NULL,"1400857716"
"1031","63","1","dscn1209.jpg",,NULL,"1400857716"
"1032","63","1","dscn1210.jpg",,NULL,"1400857716"
"1033","63","1","dscn1211.jpg",,NULL,"1400857754"
"1034","63","1","dscn1212.jpg",,NULL,"1400857754"
"1035","63","1","dscn1213.jpg",,NULL,"1400857754"
"1036","63","1","dscn1214.jpg",,NULL,"1400857754"
"1037","63","1","dscn1215.jpg",,NULL,"1400857754"
"1038","63","1","dscn1217.jpg",,NULL,"1400857811"
"1039","63","1","dscn1218.jpg",,NULL,"1400857811"
"1040","63","1","dscn1219.jpg",,NULL,"1400857811"
"1041","63","1","dscn1220.jpg",,NULL,"1400857811"
"1042","63","1","dscn1221.jpg",,NULL,"1400857811"
"1043","63","1","dscn1222.jpg",,NULL,"1400857862"
"1044","63","1","dscn1223.jpg",,NULL,"1400857862"
"1045","63","1","dscn1229.jpg",,NULL,"1400857862"
"1046","63","1","dscn1231.jpg",,NULL,"1400857862"
"1047","63","1","dscn1234.jpg",,NULL,"1400857862"
"1048","63","1","dscn1235.jpg",,NULL,"1400857909"
"1049","63","1","dscn1236.jpg",,NULL,"1400857909"
"1050","63","1","dscn1238.jpg",,NULL,"1400857909"
"1051","63","1","dscn1239.jpg",,NULL,"1400857909"
"1052","63","1","dscn1241.jpg",,NULL,"1400857909"
"1053","63","1","dscn1242.jpg",,NULL,"1400857958"
"1054","63","1","dscn1243.jpg",,NULL,"1400857958"
"1055","63","1","dscn1244.jpg",,NULL,"1400857958"
"1056","63","1","dscn1245.jpg",,NULL,"1400857958"
"1057","63","1","dscn1247.jpg",,NULL,"1400857958"
"1058","63","1","dscn1248.jpg",,NULL,"1400858013"
"1059","63","1","dscn1249.jpg",,NULL,"1400858013"
"1060","63","1","dscn1250.jpg",,NULL,"1400858013"
"1061","63","1","dscn1253.jpg",,NULL,"1400858013"
"1062","63","1","dscn1254.jpg",,NULL,"1400858013"
"1063","63","1","dscn1255.jpg",,NULL,"1400858055"
"1064","63","1","dscn1256.jpg",,NULL,"1400858055"
"1065","63","1","dscn1259.jpg",,NULL,"1400858055"
"1066","63","1","dscn1260.jpg",,NULL,"1400858055"
"1067","63","1","dscn1262.jpg",,NULL,"1400858055"
"1068","63","1","dscn1263.jpg",,NULL,"1400858100"
"1069","63","1","dscn1267.jpg",,NULL,"1400858100"
"1070","63","1","dscn1268.jpg",,NULL,"1400858100"
"1071","63","1","dscn1269.jpg",,NULL,"1400858100"
"1072","63","1","dscn1270.jpg",,NULL,"1400858100"
"1073","63","1","dscn1271.jpg",,NULL,"1400858194"
"1074","63","1","dscn1272.jpg",,NULL,"1400858194"
"1075","63","1","dscn1273.jpg",,NULL,"1400858194"
"1076","63","1","dscn1275.jpg",,NULL,"1400858194"
"1077","63","1","dscn1276.jpg",,NULL,"1400858194"
"1079","64","1","dscn1278.jpg",,NULL,"1400860090"
"1080","64","1","dscn1285.jpg",,NULL,"1400860090"
"1081","64","1","dscn1286.jpg",,NULL,"1400860090"
"1082","64","1","dscn1287.jpg",,NULL,"1400860090"
"1083","64","1","dscn1288.jpg",,NULL,"1400860090"
"1084","64","1","dscn1289.jpg",,NULL,"1400860125"
"1085","64","1","dscn1290.jpg",,NULL,"1400860125"
"1086","64","1","dscn1294.jpg",,NULL,"1400860125"
"1087","64","1","dscn1296.jpg",,NULL,"1400860125"
"1088","64","1","dscn1301.jpg",,NULL,"1400860125"
"1132","65","1","img_7106.jpg",,NULL,"1402402159"
"1090","64","1","dscn1305.jpg",,NULL,"1400860197"
"1091","64","1","dscn1311.jpg",,NULL,"1400860197"
"1092","64","1","dscn1314.jpg",,NULL,"1400860197"
"1093","64","1","dscn1315.jpg",,NULL,"1400860197"
"1094","64","1","dscn1318.jpg",,NULL,"1400860241"
"1095","64","1","dscn1321.jpg",,NULL,"1400860241"
"1096","64","1","dscn1324.jpg",,NULL,"1400860241"
"1097","64","1","dscn1326.jpg",,NULL,"1400860241"
"1098","64","1","dscn1327.jpg",,NULL,"1400860241"
"1099","64","1","dscn1329.jpg",,NULL,"1400860287"
"1100","64","1","dscn1331.jpg",,NULL,"1400860287"
"1133","65","1","img_7109.jpg",,NULL,"1402402159"
"1102","64","1","dscn1333.jpg",,NULL,"1400860287"
"1103","64","1","dscn1334.jpg",,NULL,"1400860287"
"1104","64","1","dscn1329_1.jpg",,NULL,"1400860502"
"1105","64","1","dscn1331_1.jpg",,NULL,"1400860502"
"1134","65","1","img_7110.jpg",,NULL,"1402402159"
"1107","64","1","dscn1333_1.jpg",,NULL,"1400860502"
"1108","64","1","dscn1334_1.jpg",,NULL,"1400860502"
"1109","64","1","dscn1335.jpg",,NULL,"1400860582"
"1110","64","1","dscn1336.jpg",,NULL,"1400860582"
"1111","64","1","dscn1337.jpg",,NULL,"1400860582"
"1112","64","1","dscn1339.jpg",,NULL,"1400860582"
"1113","64","1","dscn1340.jpg",,NULL,"1400860582"
"1114","64","1","dscn1342.jpg",,NULL,"1400860631"
"1115","64","1","dscn1343.jpg",,NULL,"1400860631"
"1116","64","1","dscn1349.jpg",,NULL,"1400860631"
"1117","64","1","dscn1353.jpg",,NULL,"1400860631"
"1118","64","1","dscn1357.jpg",,NULL,"1400860631"
"1119","64","1","dscn1362.jpg",,NULL,"1400860662"
"1120","64","1","dscn1363.jpg",,NULL,"1400860662"
"1121","64","1","dscn1368.jpg",,NULL,"1400860662"
"1122","64","1","dscn1369.jpg",,NULL,"1400860662"
"1123","64","1","dscn1371.jpg",,NULL,"1400860662"
"1124","64","1","dscn1372.jpg",,NULL,"1400860700"
"1125","64","1","dscn1378.jpg",,NULL,"1400860700"
"1126","64","1","dscn1381.jpg",,NULL,"1400860700"
"1127","64","1","dscn1382.jpg",,NULL,"1400860700"
"1128","64","1","dscn1385.jpg",,NULL,"1400860700"
"1129","64","1","dscn1386.jpg",,NULL,"1400860726"
"1130","64","1","dscn1389.jpg",,NULL,"1400860726"
"1131","64","1","dscn1391.jpg",,NULL,"1400860726"
"1135","65","1","img_7111.jpg",,NULL,"1402402159"
"1136","65","1","img_7112.jpg",,NULL,"1402402257"
"1137","65","1","img_7116.jpg",,NULL,"1402402257"
"1138","65","1","img_7118.jpg",,NULL,"1402402257"
"1139","65","1","img_7119.jpg",,NULL,"1402402257"
"1140","65","1","img_7126.jpg",,NULL,"1402402257"
"1141","65","1","img_7130.jpg",,NULL,"1402402375"
"1142","65","1","img_7136.jpg",,NULL,"1402402375"
"1143","65","1","img_7137.jpg",,NULL,"1402402375"
"1144","65","1","img_7140.jpg",,NULL,"1402402375"
"1145","65","1","img_7143.jpg",,NULL,"1402402375"
"1146","65","1","img_7145.jpg",,NULL,"1402402406"
"1147","65","1","img_7151.jpg",,NULL,"1402402406"
"1148","66","1","dsc04356.jpg",,NULL,"1403266653"
"1149","66","1","dsc04357.jpg",,NULL,"1403266653"
"1150","66","1","dsc04358.jpg",,NULL,"1403266653"
"1151","66","1","dsc04360.jpg",,NULL,"1403266653"
"1152","66","1","dsc04361.jpg",,NULL,"1403266653"
"1153","66","1","dsc04362.jpg",,NULL,"1403266694"
"1154","66","1","dsc04364.jpg",,NULL,"1403266694"
"1155","66","1","dsc04365.jpg",,NULL,"1403266694"
"1156","66","1","dsc04366.jpg",,NULL,"1403266694"
"1157","66","1","dsc04367.jpg",,NULL,"1403266694"
"1158","66","1","dsc04368.jpg",,NULL,"1403266757"
"1159","66","1","dsc04369.jpg",,NULL,"1403266757"
"1160","66","1","dsc04370.jpg",,NULL,"1403266757"
"1161","66","1","dsc04371.jpg",,NULL,"1403266757"
"1162","66","1","dsc04372.jpg",,NULL,"1403266757"
"1163","66","1","dsc04373.jpg",,NULL,"1403266806"
"1164","66","1","dsc04374.jpg",,NULL,"1403266806"
"1165","66","1","dsc04375.jpg",,NULL,"1403266806"
"1166","66","1","dsc04376.jpg",,NULL,"1403266806"
"1167","66","1","dsc04377.jpg",,NULL,"1403266806"
"1168","66","1","dsc04378.jpg",,NULL,"1403266851"
"1169","66","1","dsc04379.jpg",,NULL,"1403266851"
"1170","66","1","dsc04380.jpg",,NULL,"1403266851"
"1171","66","1","dsc04381.jpg",,NULL,"1403266851"
"1172","66","1","dsc04382.jpg",,NULL,"1403266851"
"1173","66","1","dsc04383.jpg",,NULL,"1403266958"
"1174","66","1","dsc04384.jpg",,NULL,"1403266958"
"1175","66","1","dsc04385.jpg",,NULL,"1403266958"
"1176","66","1","dsc04386.jpg",,NULL,"1403266958"
"1177","66","1","dsc04387.jpg",,NULL,"1403266958"
"1178","66","1","dsc04388.jpg",,NULL,"1403266996"
"1179","67","1","dsc04721.jpg",,NULL,"1410940412"
"1180","67","1","dsc04722.jpg",,NULL,"1410940412"
"1181","67","1","dsc04723.jpg",,NULL,"1410940412"
"1182","67","1","dsc04725.jpg",,NULL,"1410940412"
"1183","67","1","dsc04727.jpg",,NULL,"1410940412"
"1184","67","1","dsc04728.jpg",,NULL,"1410940453"
"1185","67","1","dsc04729.jpg",,NULL,"1410940453"
"1186","67","1","dsc04730.jpg",,NULL,"1410940453"
"1187","67","1","dsc04732.jpg",,NULL,"1410940453"
"1188","67","1","dsc04734.jpg",,NULL,"1410940453"
"1189","67","1","dsc04735.jpg",,NULL,"1410940492"
"1190","67","1","dsc04741.jpg",,NULL,"1410940492"
"1191","67","1","dsc04742.jpg",,NULL,"1410940492"
"1192","67","1","dsc04745.jpg",,NULL,"1410940492"
"1193","67","1","dsc04746.jpg",,NULL,"1410940492"
"1194","67","1","dsc04752.jpg",,NULL,"1410940549"
"1195","67","1","dsc04755.jpg",,NULL,"1410940549"
"1196","67","1","dsc04756.jpg",,NULL,"1410940549"
"1197","67","1","dsc04757.jpg",,NULL,"1410940549"
"1198","67","1","dsc04758.jpg",,NULL,"1410940549"
"1199","68","1","1__2__1.jpg",,NULL,"1410952902"
"1200","68","1","1__3__1.jpg",,NULL,"1410952902"
"1201","68","1","1__4__1.jpg",,NULL,"1410952902"
"1202","68","1","1__5__1.jpg",,NULL,"1410952902"
"1203","68","1","1__6__1.jpg",,NULL,"1410952902"
"1204","68","1","1__10__1.jpg",,NULL,"1410952947"
"1205","68","1","1__11__1.jpg",,NULL,"1410952947"
"1206","68","1","1__12__1.jpg",,NULL,"1410952947"
"1207","68","1","1__13__1.jpg",,NULL,"1410952947"
"1208","68","1","1__14__1.jpg",,NULL,"1410952947"
"1209","68","1","1__15__1.jpg",,NULL,"1410952991"
"1210","68","1","1__16__1.jpg",,NULL,"1410952991"
"1211","68","1","dscn6808.jpg",,NULL,"1410952991"
"1212","68","1","p1010025.jpg",,NULL,"1410952991"
"1213","69","1","dsc04762.jpg",,NULL,"1411648974"
"1214","69","1","dsc04764.jpg",,NULL,"1411648974"
"1215","69","1","dsc04766.jpg",,NULL,"1411648974"
"1216","69","1","dsc04767.jpg",,NULL,"1411648974"
"1217","69","1","dsc04768.jpg",,NULL,"1411648974"
"1218","69","1","dsc04770.jpg",,NULL,"1411649095"
"1219","69","1","dsc04771.jpg",,NULL,"1411649095"
"1220","69","1","dsc04772.jpg",,NULL,"1411649095"
"1221","69","1","dsc04773.jpg",,NULL,"1411649095"
"1222","69","1","dsc04775.jpg",,NULL,"1411649095"
"1223","69","1","dsc04777.jpg",,NULL,"1411649134"
"1224","69","1","dsc04778.jpg",,NULL,"1411649134"
"1225","69","1","dsc04781.jpg",,NULL,"1411649134"
"1226","69","1","dsc04782.jpg",,NULL,"1411649134"
"1227","69","1","dsc04783.jpg",,NULL,"1411649134"
"1228","69","1","dsc04784.jpg",,NULL,"1411649180"
"1229","69","1","dsc04785.jpg",,NULL,"1411649180"
"1230","70","1","dsc04786.jpg",,NULL,"1411736525"
"1231","70","1","dsc04787.jpg",,NULL,"1411736525"
"1232","70","1","dsc04788.jpg",,NULL,"1411736525"
"1233","70","1","dsc04792.jpg",,NULL,"1411736525"
"1234","70","1","dsc04793.jpg",,NULL,"1411736525"
"1235","70","1","dsc04794.jpg",,NULL,"1411736577"
"1236","70","1","dsc04795.jpg",,NULL,"1411736577"
"1237","70","1","dsc04796.jpg",,NULL,"1411736577"
"1238","70","1","dsc04797.jpg",,NULL,"1411736577"
"1239","70","1","dsc04799.jpg",,NULL,"1411736577"
"1240","70","1","dsc04800.jpg",,NULL,"1411736622"
"1241","70","1","dsc04801.jpg",,NULL,"1411736622"
"1242","70","1","dsc04802.jpg",,NULL,"1411736622"
"1243","70","1","dsc04803.jpg",,NULL,"1411736622"
"1244","70","1","dsc04808.jpg",,NULL,"1411736622"
"1245","70","1","dsc04810.jpg",,NULL,"1411736680"
"1246","70","1","dsc04813.jpg",,NULL,"1411736680"
"1247","70","1","dsc04814.jpg",,NULL,"1411736680"
"1248","70","1","dsc04815.jpg",,NULL,"1411736680"
"1249","71","1","dsc04836.jpg",,NULL,"1412252898"
"1250","71","1","dsc04846.jpg",,NULL,"1412252942"
"1251","71","1","dsc04859.jpg",,NULL,"1412252988"
"1252","71","1","dsc04866.jpg",,NULL,"1412253082"
"1253","71","1","dsc04871.jpg",,NULL,"1412253290"
"1254","71","1","dsc04872.jpg",,NULL,"1412253290"
"1255","71","1","dsc04874.jpg",,NULL,"1412253290"
"1256","71","1","dsc04874_1.jpg",,NULL,"1412253385"
"1257","72","1","img_20141112_100737.jpg",,NULL,"1415863135"
"1258","72","1","img_20141112_102313.jpg",,NULL,"1415863174"
"1259","72","1","img_20141112_111016.jpg",,NULL,"1415863200"
"1260","72","1","img_20141112_100751.jpg",,NULL,"1415883587"
"1261","72","1","img_20141112_103119.jpg",,NULL,"1415883621"
"1262","72","1","img_20141112_102036.jpg",,NULL,"1415883715"
"1263","72","1","img_20141112_111044.jpg",,NULL,"1415883767"
"1264","72","1","img_20141112_100816.jpg",,NULL,"1415883859"
"1265","72","1","img_20141112_102251.jpg",,NULL,"1415883898"
"1266","72","1","img_20141112_102827.jpg",,NULL,"1415883932"
"1267","72","1","img_20141112_103809.jpg",,NULL,"1415883962"
"1268","73","1","dscn0355.jpg",,NULL,"1418733507"
"1269","73","1","dscn0360.jpg",,NULL,"1418733508"
"1270","73","1","dscn0368.jpg",,NULL,"1418733508"
"1271","73","1","dscn0369.jpg",,NULL,"1418733508"
"1272","73","1","dscn0381.jpg",,NULL,"1418733508"
"1273","73","1","dscn0384.jpg",,NULL,"1418733537"
"1274","73","1","dscn0386.jpg",,NULL,"1418733537"
